<?xml version="1.0"?>
<!DOCTYPE hibernate-mapping PUBLIC "-//Hibernate/Hibernate Mapping DTD 3.0//EN"
"http://www.hibernate.org/dtd/hibernate-mapping-3.0.dtd">
<!-- Generated 8/02/2019 09:55:17 PM by Hibernate Tools 4.3.1 -->
<hibernate-mapping>
    <class name="com.mycompany.mapita.Usuario" table="usuario" schema="public" optimistic-lock="version">
        <id name="idusuario" type="int">
            <column name="idusuario" />
            <generator class="assigned" />
        </id>
        <property name="nombre" type="string">
            <column name="nombre" not-null="true" />
        </property>
        <property name="correo" type="string">
            <column name="correo" />
        </property>
        <property name="contrase&#195;&#177;a" type="string">
            <column name="contrase&#195;&#177;a" />
        </property>
        <property name="fecha" type="date">
            <column name="fecha" length="13" />
        </property>
        <set name="marcadors" table="marcador" inverse="true" lazy="true" fetch="select">
            <key>
                <column name="idusuario" not-null="true" />
            </key>
            <one-to-many class="com.mycompany.mapita.Marcador" />
        </set>
    </class>
</hibernate-mapping>
